act,scene,number,characters,dramatic_situation,air_or_melodie,poetic_text,rhyme_scheme,stage_direction_or_cues
1,1,1,Madame de Selmar; Édouard,"While viewing a country house for rent at Neuilly, the sister admires it and wonders about the owner; Édouard jokingly speculates about a shady proprietor.",Air: Ces postillons,"Elle est charmante, et vient d’être bâtie;
Dans ses décors, que de goût, de fraîcheur!
Et la louer déjà! quelle folie!
Quel en est donc le possesseur?

Quelqu’intrigant, ou quelque fournisseur;
Quelque banquier d’une prudence extrême,
Qui part peut-être, emportant sans façon
Son portefeuille... et qui n’a pu de même
Emporter sa maison.",Stanza 1 (sung by Madame de Selmar): ABAB. Stanza 2 (sung by Édouard): ABCBC.,Cue given as “AIR Ces postillons.” The first quatrain is sung by Madame de Selmar; the following five lines by Édouard.
1,1,2,Madame de Selmar,"Madame de Selmar recalls their past and her promise to care for Édouard after their parents’ death, expressing sisterly devotion.",Air: de la Robe et des Bottes,"J’avais le double de ton âge,
Et n’avais guère que seize ans,
Lorsque, deux mois après mon mariage,
La mort vint frapper nos parents.
Trop tôt ravie à sa jeune famille,
Ma mère, hélas! te remit à ma foi,
En me disant: Veille sur lui, ma fille,
Et le ciel veillera sur toi.
Elle me dit: Veille sur lui, ma fille,
Et le ciel veillera sur toi.",Lines 1–4: ABAB. Lines 5–10: CDCDCD.,Cue given as “AIR de la Robe et des Bottes.” Sung by Madame de Selmar alone.
1,2,1,Madame de Selmar,"Madame de Selmar, alone and anxious about her brother Edouard, reflects (half-comically) that guiding a sister in love would be easier than keeping a brother out of danger.",du petit Courrier,"Que n’ai-je plutôt une sœur !
On a bien, quand elle est sensible,
À craindre l’amour: c’est terrible !
Mais on peut défendre son cœur ;
On peut, sans être bien habile,
L’instruire contre les amans ;
À son élève on est utile,
Et l’on s’exerce en même temps.",All lines (Madame de Selmar): ABBABCBC,"Mad. DE SELMAR, seule. — Air: du petit Courrier."
1,3,1,Antoine,"Antoine, the concierge, humorously complains about rural isolation and the difficulty of spreading or receiving news, introducing himself to Madame de Selmar.",AIR du Ménage de garçon,"C'est le concierge de Courcelles
Qu'est notre voisin le plus près;
C'est bien gênant pour les nouvelles,
Et s'il vient quelques p'tits caquets,
On n'sait... mille exemples l'attestent,
A qui les dire... c'est piquant!
Souvent même, on en fait qui restent,
Pour le compte du fabricant.",ABAB CDCD (single voice: Antoine),"Cue: ""AIR du Ménage de garçon."" Sung by Antoine."
1,3,2,Antoine; Madame de Selmar,"After Madame de Selmar gives Antoine a deposit to secure his services and discretion, they banter about silence and wages.",AIR : Un homme pour faire un tableau,"Ces façons-là sont de mon goût;
C'est l'double du prix ordinaire.
Des soins... du silence surtout!
Comment! il faut encor me taire...
Des portiers de bonne maison
Madame connaît les usages...
J'aime mieux parler à discrétion,
Et qu'on l'rabatte sur mes gages.","ABAB EFEF (Antoine sings lines 1–2, 4–8; Madame de Selmar sings line 3)","Before the air: Antoine, aside, taking the purse. Cue given as: ""AIR : Un homme pour faire un tableau."" Distribution of lines: Antoine sings 1–2 and 4–8; Madame de Selmar sings line 3."
1,4,1,ROLAND,"Roland, boasting of his worldly wisdom and immunity to passion, moralizes to Guinsbourg about the dangers awaiting rash young men.",AIR du Pot de fleurs,"A leur jeunesse, à leur audace extrême,
Par mes leçons, je montre le danger;
Sans cesse m'y trouvant moi-même,
Mieux qu'un autre j'en puis juger:
Trop souvent battu par l'orage,
Je suis, à leurs yeux attentifs,
Ainsi qu'un phare au milieu des récifs;
J'éclaire, et sauve du naufrage.",ABAB CDDC (Roland),"Cue indicated in text: ""AIR du Pot de fleurs."" Roland sings alone."
1,4,2,GUINSBOURG; ROLAND,Guinsbourg laments that Coraly rejected his wealthy proposal; Roland answers wittily within the same air about foreigners and the Opéra balancing France’s money outflow.,AIR du Piége,"Pourtant, j'offrais à genoux
Deux ou trois millions d'opulence
Que j'avais gagné chez vous.

Au fait... c'est juste; quand j'y pense,
Franchement, ces étrangers-là
Sortiraient trop d'argent de France,
Si nous n'avions pas l'Opéra
Qui vient rétablir la balance.",Guinsbourg (lines 1–3): ABA. Roland (lines 4–8): BCBCB. Combined: ABABCB CB.,"Cue indicated in text: ""AIR du Piége."" Guinsbourg begins the air; Roland continues the verse in the same melody."
1,5,1,TONTON; ROLAND,"In light banter on arriving at Coraly’s country house, Tonton boasts about turning fashionable literature into ballet; Roland wittily interrupts.",J'ai vu le Parnasse des dames,"Dans ce moment-ci j’accommode
Le romantique en entrechats,
Et tous les auteurs à la mode
Avec moi sauteront le pas.
Leurs ouvrages, quoiqu’il m’en coûte,
Sont mis en ballets par mes soins;
C’est un avantage...
Sans doute;
Nous aurons le style de moins.",By placement of lines: 1–7 (Tonton) = ABAB C D E; 8–9 (Roland) = C D. Overall sequence: ABAB C D E C D.,Cue: AIR: « J’ai vu le Parnasse des dames ». Performance detail: Lines 1–7 are sung by Tonton; lines 8–9 are Roland’s mid-air interjection.
1,5,2,ROLAND,"Roland urges Coraly to receive the English milord, playfully invoking diplomatic peace between England and the Opéra.",Ce que j’éprouve en vous voyant,"Je crains pour vous ce qu’on dira;
Quoi! vous lui déclarez la guerre!
Songez qu’en tout temps l’Angleterre
Fut en paix avec l’Opéra.
Entr’eux que de rapports intimes!
Elle existe au milieu des flots,
Vénus naquit au sein des eaux.
Entre puissances maritimes,
On doit toujours vivre en repos.",ABBA CDDCD.,Cue: AIR: « Ce que j’éprouve en vous voyant ». Sung by Roland addressing Coraly.
